code,name,default_lifespan_days,track_expiry
pollo,Pollo,,
huevo,Huevo,,
res,Res,,
tuetano,Tuétano,,
cerdo,Cerdo,,
verduras,Verduras,,
chiles,Chiles,,
verduras-por-pieza,Verduras por pieza,,
hierbas,Hierbas,,
frutas,Frutas,,
frutas-por-pieza,Frutas por pieza,,
granel,A granel,,
refrescos,Refrescos,,
bebidas,Bebidas,,
lacteos,Lácteos,,
carnes-frias,Carnes frías,,
pan,Pan y pastelitos,,
tortillas,Tortillas,,
galletas,Galletas,,
botanas,Botanas,,
dulces,Dulces y chocolates,,
basicos,Básicos,,
azucar,Azúcar y endulzantes,,
aceites,Aceites y grasas,,
enlatados,Enlatados y conservas,,
salsas,Salsas y condimentos,,
cafe,"Café, chocolate y cereales",,
higiene,Higiene personal,,
bebe,Bebé,,
limpieza,Limpieza,,
desechables,Desechables,,
hogar,Hogar y varios,,
alcohol,Bebidas alcohólicas,,
tabaco,Cigarros,,
mascotas,Mascotas,,
