code,kind,label
giro-polleria,giro,Pollería
giro-carniceria,giro,Carnicería
giro-verduleria,giro,Verdulería
giro-fruteria,giro,Frutería
giro-abarrotes,giro,Abarrotes
giro-cremeria,giro,Cremería
giro-materias-primas,giro,Materias Primas
cat-pollo-fresco,categoria,Pollo fresco
cat-menudencia,categoria,Menudencia
cat-preparados,categoria,Preparados
cat-huevo,categoria,Huevo
cat-cortes,categoria,Cortes
cat-embutidos,categoria,Embutidos
cat-manteca,categoria,Manteca
cat-verduras,categoria,Verduras
cat-chiles,categoria,Chiles
cat-chiles-secos,categoria,Chiles secos
cat-hierbas,categoria,Hierbas
cat-frutas,categoria,Frutas
cat-granos,categoria,Granos y semillas
cat-azucar,categoria,Azúcar y endulzantes
cat-mascotas,categoria,Mascotas
cat-refrescos,categoria,Refrescos
cat-aguas,categoria,"Agua, jugos y bebidas"
cat-lacteos,categoria,Lácteos
cat-pan,categoria,Pan y tortillas
cat-galletas,categoria,Galletas
cat-botanas,categoria,Botanas
cat-dulces,categoria,Dulces y chocolates
cat-basicos,categoria,"Arroz, harinas y pastas"
cat-aceites,categoria,Aceites y grasas
cat-enlatados,categoria,Enlatados y conservas
cat-salsas,categoria,Salsas y condimentos
cat-cafe,categoria,"Café, chocolate y cereales"
cat-higiene,categoria,Higiene personal
cat-bebe,categoria,Bebé
cat-limpieza,categoria,Limpieza
cat-desechables,categoria,Desechables
cat-hogar,categoria,Hogar y varios
cat-alcohol,categoria,Cerveza y licores
cat-tabaco,categoria,Cigarros
